Car_ID,Year,Make,Model,Email,Name
48,2015,Acura,TLX,honoland13@japanpost.jp,Hernando
124,2015,Jeep,Wrangler,nlighterness2q@umn.edu,Noel
222,2015,Lexus,Is250,eguest47@microsoft.com,Edan
207,1993,Honda,Civic eG,hchilley40@fema.gov,Hieronymus
167,2016,Ford,Mystang,nnowick3d@tuttocitta.it,Nickolas
159,2013,Hyundai,Gen coupe,mdearl39@amazon.co.uk,Martin
20,2009,Infiniti,G37,alynamg@blogtalkradio.com,Aldridge
178,2009,Honda,Oddesy,abowton3k@spiegel.de,Ambros
30,2012,Hyundai,Celoster,qesterbrookn@bandcamp.com,Quincy
1,2012,Subaru,WRX,ppillman2w@surveymonkey.com,Palmer
51,2015,Subaru,WRX,tdillestone15@mysql.com,Temple
183,2005,Volkswagen,Jetta,zoller3p@paypal.com,Zachery
177,2005,Volkswagen,Jetta gli,rthorne3j@buzzfeed.com,Rupert
5,2003,Acura,Rsx,ssheather2@fc2.com,Sayers
218,2010,Chevy,Camaro,hsolomon44@opensource.org,Horst
39,2011,Honda,Civic,mjehanw@so-net.ne.jp,Muffin
68,2013,Nissan,Altima,shallagan1h@yandex.ru,Scot
10,2001,Nissan,S15,hkeele7@spiegel.de,Harcourt
67,2015,Subaru,Sti,wgloucester1g@phpbb.com,Wilbur
43,2011,Toyota,4 Runner,ghickinbottomz@usda.gov,Georgi
170,2014,Chevy,Cruze,obenstead3e@psu.edu,Osborn
216,2007,Chrystler,300,aamor43@miibeian.gov.cn,Asher
99,2014,Honda,Civic si,cvaux25@facebook.com,Clyde
89,2014,Honda,Civic si,ntruggian1x@bandcamp.com,Nealon
95,2004,Infiniti,G35,nbatstone22@yellowbook.com,Norry
228,2010,Nissan,370,bbach4a@hugedomains.com,Baillie
7,2014,Nissan,Sentra,aleadstone4@smugmug.com,Alix
14,1990,Nissan,Skyline,hscandricka@timesonline.co.uk,Hugibert
8,1991,Nissan,Skyline,sdeesly5@storify.com,Sigfried
145,1990,Volkswagen,Gti,radriano33@imageshack.us,Reade
102,2015,Honda,Accord,cbulward28@google.co.jp,Correy
36,2016,Subaru,WRX,ogaraghans@huffingtonpost.com,Ozzy
189,2012,Toyota,Fj cruiser,dmawman3v@pagesperso-orange.fr,Derry
111,2007,Bmw,328i,mbandiera2e@salon.com,Marlon
140,1995,Mitsu,Evo8,rweathers2z@linkedin.com,Roger
161,2012,Nissan,370z,spoon3a@gizmodo.com,Sheffy
37,2015,Subaru,Sti,ftinmant@sina.com.cn,Feodor
243,2008,Toyota,Matrix,sdennidge4i@gnu.org,Sollie
184,2010,Volkswagen,Cc,erugiero3q@webs.com,Ernie
66,2010,Volkswagen,Gti,tbounde1f@trellian.com,Teador
101,2014,Honda,Civic,tmogenot27@liveinternet.ru,Theodore
21,2009,Subaru,WRX,ariccellih@addthis.com,Alvis
200,2016,Subaru,WRX,rquerree3z@seesaa.net,Rand
2,2016,Bmw,M2,jmewis1@vistaprint.com,Jordon
23,1998,Subaru,Legacy,tsewallj@joomla.org,Tremayne
59,2012,Volkswagen,Golf,rbechley1a@spiegel.de,Rolf
42,2001,Dodge,Viper,rgillmory@epa.gov,Rowney
83,2014,Honda,Accord,pjacke1s@theguardian.com,Palmer
16,2008,Nissan,350z,kportec@statcounter.com,Killy
181,2003,Volkswagen,Gti,ahapps3n@delicious.com,Arri
0,2015,Chevy,Camaro,jgrene0@tinypic.com,Jordan
88,2008,Honda,Accord,knann1w@newyorker.com,Karney
25,2012,Mercedes,C250,yheinerl@altervista.org,Yvor
176,2014,Mitsu,Lancer,gleggs3i@jiathis.com,Germaine
134,2013,Subaru,WRX,cjeandel2v@thetimes.co.uk,Cooper
127,2013,Acura,Tsx,dmalyan2s@bloglines.com,Donal
104,2014,Honda,Civic si,tfero2a@wired.com,Tanner
120,2014,Ford,Focus st,ebyram2m@digg.com,Elwyn
85,2017,Honda,Accord,ssiemens1u@narod.ru,Sholom
Showcar,2014,Nissan,Gtr,trobjents4l@g.co,Tally
108,2013,Audi,S4,amelato2c@google.cn,Abdul
98,2012,Mercedes,C63,eguild24@istockphoto.com,Englebert
130,2016,Honda,Civic si,dwatmough2u@oaic.gov.au,Denys
12,1990,Nissan,240,kbocken9@bing.com,Klemens
232,2018,Subaru,WRX,mblazewicz4c@w3.org,Marmaduke
Vip,2008,Volkswagen,Gli,salliker4m@nsw.gov.au,Salomon
96,2017,Volkswagen,Gti,wdigweed23@about.me,Wynn
15,2014,Audi,S4,bspinnaceb@homestead.com,Blane
65,2009,Honda,Fit,telfe1e@tripod.com,Trumaine
92,2017,Hyundai,Elantra sport,mjancy1z@privacy.gov.au,Myles
179,2004,Volkswagen,R32,aspink3l@yolasite.com,Ashlin
63,2010,Honda,Civic,craleston1c@blogtalkradio.com,Cris
35,2016,Honda,Civic,ggentricr@prweb.com,Gerhardt
79,1993,Mazda,Miata,rleheude1q@ted.com,Rustin
4341,1992,Nissan,Rps13,rfrier4k@jalbum.net,Ronald
156,2014,Volkswagen,Gli,jbrockton37@moonfruit.com,Jamison
220,2004,Audi,A4,vbloom46@businessinsider.com,Vladimir
44,2018,Honda,Civic si,eclaffey10@meetup.com,Elisha
19,2001,Mitsu,Evo7,jloveredgef@berkeley.edu,Jae
123,2006,Lexus,Sc430,pvidgen2p@ca.gov,Patrizius
57,2015,Scion,Frs,amabey19@tumblr.com,Arman
230,2004,Acura,Tsx,croscrigg4b@clickbank.net,Cullen
33,2015,Subaru,Sti,gsemmensp@google.co.uk,Gideon
75,2012,Subaru,WRX,rmoyser1n@github.io,Redford
175,2006,Honda,Civic,tmilhench3h@admin.ch,Taber
115,2001,Honda,Crv,uwilkie2j@soup.io,Udale
153,2017,Subaru,Brz,ntytcomb35@cmu.edu,Nick
76,2005,Subaru,Sti,rbuckthorp1o@wiley.com,Roi
56,2009,Volkswagen,Jetta,hcollings18@sina.com.cn,Haily
50,2015,Acura,TLX,hkamienski2i@howstuffworks.com,Homerus
163,2013,Mitsu,Ralliart,sdundin3c@engadget.com,Shepherd
53,2013,Subaru,WRX,ptreuge17@over-blog.com,Pembroke
241,2007,Toyota,Camry,haronov4g@cyberchimps.com,Hastings
114,2010,Volkswagen,Gti,rfarrell2h@boston.com,Roderick
41,2012,Acura,Tsx,bmcconnalx@phoca.cz,Barbabas
116,2008,Audi,A4,owarrender2k@yahoo.com,Obidiah
137,2017,Ford,Focus rs,tchapellow2x@addtoany.com,Tristam
212,2001,Lexus,Is300,dbummfrey42@miibeian.gov.cn,Dav
52,2007,Mazda,Speed 3,bdawltrey16@i2i.jp,Ber
93,2005,Acura,TL,ckovnot20@tamu.edu,Cesaro
226,2008,Honda,Accord,kkliner49@xrea.com,Koenraad
22,2007,Honda,Civic,lgarstangi@angelfire.com,Lowe
70,2014,Honda,Civic,pdeetlefs1j@youtu.be,Paul
128,2010,Infiniti,G37,mbariball2t@slate.com,Martin
40,2007,Subaru,Legacy,aeaster3u@reuters.com,Aksel
238,1982,Volkswagen,Rabbit,rklimkin4f@t-online.de,Renaud
31,2007,Honda,Fit,jaaronsono@ezinearticles.com,Jereme
71,2008,Acura,TL,obennis1k@opensource.org,Osborn
18,2015,Audi,S3,gbellwoode@chicagotribune.com,Greg
38,2017,Hyundai,Elantra sport,mvandermarkv@icq.com,Mill
46,2008,Volkswagen,R32,egoley12@twitter.com,Early
49,1997,Acura,Integra,tdrabble14@tripod.com,Ted
28,1995,Bmw,318xi,imccream@51.la,Iggie
219,2016,Ford,Focus rs,sgaddesby45@xing.com,Spenser
185,2013,Volkswagen,Jett,tsandeman3r@wp.com,Taddeusz
162,2014,Nissan,370z,bpeaple3b@irs.gov,Baudoin
180,2011,Volkswagen,Gti,jlewington3m@psu.edu,Jeromy
103,2010,Acura,Tsx,benric29@cornell.edu,Beaufort
197,2010,Audi,A4,ewinship3y@tripod.com,Enrico
74,2015,Honda,Accord,bholwell1m@hhs.gov,Bartholomeo
150,2006,Nissan,350z,brappaport34@purevolume.com,Bar
78,2015,Mazda,6,nlidbetter1p@artisteer.com,Nollie
141,1993,Mazda,Miata,dgude30@psu.edu,Diego
17,2016,Mercedes,C43,gdongated@ca.gov,Gustavo
187,2007,Subaru,Legacy,gelham3t@illinois.edu,Griffith
69,2018,Subaru,WRX,abroske1i@macromedia.com,Amory
100,2006,Volvo,S60r,eambrosoli26@noaa.gov,Elwin
112,2008,Acura,TL,wdymocke2f@artisteer.com,Web
172,2014,Bmw,4,abeeres3f@apache.org,Aurthur
91,2010,Mitsu,Lancer,cbragginton1y@house.gov,Coop
158,2007,Nissan,350z,wgascard38@issuu.com,Wally
182,2012,Volkswagen,Cc,djakoubec3o@aboutads.info,Darcy
225,2016,Acura,TLX,afeldharker48@whitehouse.gov,Abbey
81,2016,Volkswagen,GTI,wdreher1r@bloomberg.com,Ware
6,2016,Volkswagen,Golf r,hferrer3@prlog.org,Hamil
121,2012,Acura,TL,hthacke2n@yellowbook.com,Hunt
211,2004,Acura,Tsx,ewinston41@ft.com,Ellswerth
186,2012,Volkswagen,Gli,udunseath3s@jiathis.com,Uriah
4,2007,Honda,Civic,ewrinch1b@cloudflare.com,Evan
72,2016,Honda,Civic si,kromaine1l@bandcamp.com,Ken
45,2006,Acura,TL,kduggon11@reddit.com,Kylie
1051,2006,Acura,Tsx,ecoultous4j@mayoclinic.com,Eli
84,2012,Mercedes,Cl63amg,okerwood1t@ebay.co.uk,Orton
118,1993,Honda,Civic,gcrichmere2l@vistaprint.com,Ginger
174,2006,Acura,Rsx,tpinnijar3g@walmart.com,Teodor
138,1990,Mazda,Miata,amitton2y@stanford.edu,Andras
242,2014,Nissan,Maxima,ttoulmin4h@usda.gov,Tris
3,2011,Nissan,370,bpengelly36@ca.gov,Barbabas
193,2014,Nissan,Ssntra,nmarkey3x@taobao.com,Napoleon
94,2004,Volkswagen,Gti,easling21@sina.com.cn,Estevan
11,1991,Nissan,Skyline,kpeet8@fastcompany.com,Korey
86,1996,Volkswagen,Jetta,hdrennan1v@hatena.ne.jp,Hebert
9,1996,Nissan,240,ppaffot6@mysql.com,Pierson
142,1993,Toyota,Supra,gficken31@jugem.jp,Giorgio
126,2010,Volkswagen,Eos,sdaglish2r@timesonline.co.uk,Stern
144,2016,Volkswagen,Gti,dmattimoe32@techcrunch.com,Davidde
110,2011,Toyota,Camry,ugozzard2d@spiegel.de,Ugo
34,2010,Honda,Fit,skenewellq@chronoengine.com,Sutherland
190,1995,Lexus,Sc300,pjanse3w@mozilla.org,Parker
235,2013,Scion,Frs,hlanchbury4d@friendfeed.com,Huntley
24,2013,Subaru,BRZ,swyerk@creativecommons.org,Sauveur
64,2004,Subaru,Forester,cspeechley1d@naver.com,Carver
122,2011,Infiniti,M37s,tgoutcher2o@liveinternet.ru,Terrence
106,2007,Acura,Tl type s,imeeron2b@buzzfeed.com,Ignazio
113,2012,Acura,Tsx sportwagon,meilert2g@people.com.cn,Marcel
13,2016,Honda,Civic 1.5t,rguitonneauu@goo.gl,Robbert
237,1987,Volkswagen,Jetta,proles4e@lycos.com,Padraic
